Item ARK,Parent ARK,File Name,Object Type,coll id,AltIdentifier.local,Collection,Series,AltTitle.other,Title,Description.note,References,Genre,Language,Type.typeOfResource,Date.created,Date.normalized,Note,Subject.coordinates,Subject topic,Inscription,media.format,media.height,media.width,Thumbnail,IIIF Access URL,External item record,Repository,Rights.servicesContact,Acquisition method,Physical status,Violent Content,Series & Collection,Creation date/time,Last modification date/time,Description (Eng),Description (Ara),Genre (old),Inscription (old),Inscription 2 (old),Alt Title,Program
ark:/21198/z1x97wwf,,,Collection,,,,,,The Muhamad Irshaid Collection,,,,,,,,,,,,,,,,,,The Palestinian Museum Digital Archive,info@palarchive.org,,,,,,,,,,,,,International Digital Ephemera Project
ark:/13030/m5812tj2,ark:/21198/z1x97wwf,,Work,250.0,0250.01.0001|~|183706|~|2199_ca_object_representations_media_163359_original.jpg,The Muhamad Irshaid Collection,Muhammad Irshaid Sub-collection 1: Photographs,طالب في كلية الامة,A Student in al-Ummah College,"In this Photograph is Muhammad ʾershid at al-Ummah School, where he used to study. This school was founded by Shukri Harami in Jerusalem and later moved to Jacir Palace in Bethlehem, which in turn was later transformed into the InterContinental Hotel.|~|يظهر في الصورة محمد ارشيد حيث كان يدرس في مدرسة كلية الامة، التي أنشأها شكري حرامي في القدس ومن ثم انتقلت المدرسة الى قصر جاسر في بيت لحم وفي الوقت الحاضر تحولت الى فندق انتركونتيننتال",,,,still image,1950s,1950/1959,رجل، كلية، بناء، معماري، فن,,,,image/jpeg,1280,1738,https://d7rm5xoig729r.cloudfront.net/collectiveaccess/images/1/6/3/3/37165_ca_object_representations_media_163359_preview.jpg,https://d7rm5xoig729r.cloudfront.net/collectiveaccess/images/1/6/3/3/2199_ca_object_representations_media_163359_original.jpg,https://palarchive.org/index.php/Detail/objects/183706/lang/en_US,The Palestinian Museum ,info@palarchive.org,,,,The Muhamad Irshaid Collection  | Muhammad Irshaid Sub-collection 1: Photographs,30 September 2019 at 13:35:37,10 March 2021 at 15:26:13,"In this Photograph is Muhammad ʾershid at al-Ummah School, where he used to study. This school was founded by Shukri Harami in Jerusalem and later moved to Jacir Palace in Bethlehem, which in turn was later transformed into the InterContinental Hotel.",يظهر في الصورة محمد ارشيد حيث كان يدرس في مدرسة كلية الامة، التي أنشأها شكري حرامي في القدس ومن ثم انتقلت المدرسة الى قصر جاسر في بيت لحم وفي الوقت الحاضر تحولت الى فندق انتركونتيننتال,,,,,International Digital Ephemera Project
ark:/13030/m54822s8,ark:/21198/z1x97wwf,,Work,250.0,0250.01.0002|~|183707|~|31792_ca_object_representations_media_163360_original.jpg,The Muhamad Irshaid Collection,Muhammad Irshaid Sub-collection 1: Photographs,رجل يحمل السلاح,An Armed Man,"Muhammad ʾershid, Armed.|~|محمد ارشيد يحمل السلاح",,,,still image,1950s,1950/1959,رجل، سلاح، بيت، طبيعة,,,,image/jpeg,1280,970,https://d7rm5xoig729r.cloudfront.net/collectiveaccess/images/1/6/3/3/86536_ca_object_representations_media_163360_preview.jpg,https://d7rm5xoig729r.cloudfront.net/collectiveaccess/images/1/6/3/3/31792_ca_object_representations_media_163360_original.jpg,https://palarchive.org/index.php/Detail/objects/183707/lang/en_US,The Palestinian Museum ,info@palarchive.org,,,,The Muhamad Irshaid Collection  | Muhammad Irshaid Sub-collection 1: Photographs,30 September 2019 at 13:35:37,10 March 2021 at 15:26:14,"Muhammad ʾershid, Armed.",محمد ارشيد يحمل السلاح,,,,,International Digital Ephemera Project
ark:/13030/m50m01g8,ark:/21198/z1x97wwf,,Work,250.0,0250.01.0003|~|183708|~|29383_ca_object_representations_media_163361_original.jpg,The Muhamad Irshaid Collection,Muhammad Irshaid Sub-collection 1: Photographs,رجل على الجمل,A Man Riding a Camel,Muhammad ʾershid riding his camel that he used to carry farming tools and goods on around the town.|~|محمد ارشيد على جمله الذي كان يستخدم في نقل الادوات الزراعية والغذائية في البلدة,,,,still image,1950s,1950/1959,جمل، رجل، بيت، فتاة,,,,image/jpeg,1280,1680,https://d7rm5xoig729r.cloudfront.net/collectiveaccess/images/1/6/3/3/88124_ca_object_representations_media_163361_preview.jpg,https://d7rm5xoig729r.cloudfront.net/collectiveaccess/images/1/6/3/3/29383_ca_object_representations_media_163361_original.jpg,https://palarchive.org/index.php/Detail/objects/183708/lang/en_US,The Palestinian Museum ,info@palarchive.org,,,,The Muhamad Irshaid Collection  | Muhammad Irshaid Sub-collection 1: Photographs,30 September 2019 at 13:35:38,10 March 2021 at 15:26:14,Muhammad ʾershid riding his camel that he used to carry farming tools and goods on around the town.,محمد ارشيد على جمله الذي كان يستخدم في نقل الادوات الزراعية والغذائية في البلدة,,,,,International Digital Ephemera Project
ark:/13030/m5715sbs,ark:/21198/z1x97wwf,,Work,250.0,0250.01.0004|~|183709|~|94155_ca_object_representations_media_163362_original.jpg,The Muhamad Irshaid Collection,Muhammad Irshaid Sub-collection 1: Photographs,حفل تخرج في كلية الامة,Al-Ummah College Graduation Ceremony,"Muhammad ʾershid graduating al-Ummah College and receiving his certificate from one of the Jordanian ministers.|~|تخرج محمد ارشيد من كلية الامة, واستلانه لشهادته من احد الوزراء الاردنيين",,,,still image,1960,1960,حفل، شهادة، توزيع، رجال، طلاب، مدرسة، بدلة,,,,image/jpeg,1280,933,https://d7rm5xoig729r.cloudfront.net/collectiveaccess/images/1/6/3/3/88094_ca_object_representations_media_163362_preview.jpg,https://d7rm5xoig729r.cloudfront.net/collectiveaccess/images/1/6/3/3/94155_ca_object_representations_media_163362_original.jpg,https://palarchive.org/index.php/Detail/objects/183709/lang/en_US,The Palestinian Museum ,info@palarchive.org,,,,The Muhamad Irshaid Collection  | Muhammad Irshaid Sub-collection 1: Photographs,30 September 2019 at 13:35:38,10 March 2021 at 15:26:14,Muhammad ʾershid graduating al-Ummah College and receiving his certificate from one of the Jordanian ministers.,"تخرج محمد ارشيد من كلية الامة, واستلانه لشهادته من احد الوزراء الاردنيين",,,,,International Digital Ephemera Project
ark:/13030/m5gj78wv,ark:/21198/z1x97wwf,,Work,250.0,0250.01.0005|~|183710|~|9341_ca_object_representations_media_163364_original.jpg,The Muhamad Irshaid Collection,Muhammad Irshaid Sub-collection 1: Photographs,رجال امام سيارة,Men Standing in Front of a Car,"During the graduation ceremony of Muhammad ʾershid. In this photograph, from left to right, Walid ʾershid, Muhammad ʾershid, and ʿabdul-Rahim ʾershid, in al-Barid suburb. Evident in the photograph is a modern car (at that time).|~|في حفل تخرج محمد ارشيد، ويظهر في الصورة (من اليسار وليد ارشيد، محمد ارشيد، عبد الرحيم ارشيد) في ضاحية البريد، كما يظهر في الصورة سيارة كانت حديثة في عصرها",,,,still image,1960,1960,رجال، بدلة، سيارة، نظارة، شارب,,,,image/jpeg,1280,943,https://d7rm5xoig729r.cloudfront.net/collectiveaccess/images/1/6/3/3/27332_ca_object_representations_media_163364_preview.jpg,https://d7rm5xoig729r.cloudfront.net/collectiveaccess/images/1/6/3/3/9341_ca_object_representations_media_163364_original.jpg,https://palarchive.org/index.php/Detail/objects/183710/lang/en_US,The Palestinian Museum ,info@palarchive.org,,,,The Muhamad Irshaid Collection  | Muhammad Irshaid Sub-collection 1: Photographs,30 September 2019 at 13:35:38,10 March 2021 at 15:26:14,"During the graduation ceremony of Muhammad ʾershid. In this photograph, from left to right, Walid ʾershid, Muhammad ʾershid, and ʿabdul-Rahim ʾershid, in al-Barid suburb. Evident in the photograph is a modern car (at that time).",في حفل تخرج محمد ارشيد، ويظهر في الصورة (من اليسار وليد ارشيد، محمد ارشيد، عبد الرحيم ارشيد) في ضاحية البريد، كما يظهر في الصورة سيارة كانت حديثة في عصرها,,,,,International Digital Ephemera Project
ark:/13030/m5r28s9g,ark:/21198/z1x97wwf,,Work,250.0,0250.01.0006|~|183711|~|22037_ca_object_representations_media_163366_original.jpg,The Muhamad Irshaid Collection,Muhammad Irshaid Sub-collection 1: Photographs,عائلة فلسطينية في البيت,A Palestinian Family in the House,"A photograph taken during a family visit, from left to right: Khalid ʾershid; the uncle of Muhammad ʾershid, Dr.Fayeq al-Maṣri and his wife Fatema Hekmat al-Maṣri, and Khadija; Muhammad ʾershid's grandmother.|~|في هذه الصورة (من اليمين خالد ارشيد عم محمد ارشيد، والدكتور فايق البصري وزوجته فاطمة حكمت المصري، وخديجة جدة محمد ارشيد) في زيارة عائلية",,,,still image,1960s,1960/1969,عائلة، اطفال، بيت، تراث، بدلة,,,,image/jpeg,1280,1659,https://d7rm5xoig729r.cloudfront.net/collectiveaccess/images/1/6/3/3/54905_ca_object_representations_media_163366_preview.jpg,https://d7rm5xoig729r.cloudfront.net/collectiveaccess/images/1/6/3/3/22037_ca_object_representations_media_163366_original.jpg,https://palarchive.org/index.php/Detail/objects/183711/lang/en_US,The Palestinian Museum ,info@palarchive.org,,,,The Muhamad Irshaid Collection  | Muhammad Irshaid Sub-collection 1: Photographs,30 September 2019 at 13:35:38,10 March 2021 at 15:26:15,"A photograph taken during a family visit, from left to right: Khalid ʾershid; the uncle of Muhammad ʾershid, Dr.Fayeq al-Maṣri and his wife Fatema Hekmat al-Maṣri, and Khadija; Muhammad ʾershid's grandmother.",في هذه الصورة (من اليمين خالد ارشيد عم محمد ارشيد، والدكتور فايق البصري وزوجته فاطمة حكمت المصري، وخديجة جدة محمد ارشيد) في زيارة عائلية,,,,,International Digital Ephemera Project
ark:/13030/m5tv2gwn,ark:/21198/z1x97wwf,,Work,250.0,0250.01.0007|~|183712|~|50098_ca_object_representations_media_163367_original.jpg,The Muhamad Irshaid Collection,Muhammad Irshaid Sub-collection 1: Photographs,ام وابنتها امام سيارة,A Mother and Her Daughter in Front of a Car,"The mother of Muhammad ʾershid and his sister Huda, standing in front of a relative's car.|~|والدة محمد ارشيد وشقيقته هدى، تقفان امام سيارة تعود لاحد الاقارب",,,,still image,1950s,1950/1959,جدة، سيارة، بيت، فتاة,,,,image/jpeg,1280,1714,https://d7rm5xoig729r.cloudfront.net/collectiveaccess/images/1/6/3/3/11138_ca_object_representations_media_163367_preview.jpg,https://d7rm5xoig729r.cloudfront.net/collectiveaccess/images/1/6/3/3/50098_ca_object_representations_media_163367_original.jpg,https://palarchive.org/index.php/Detail/objects/183712/lang/en_US,The Palestinian Museum ,info@palarchive.org,,,,The Muhamad Irshaid Collection  | Muhammad Irshaid Sub-collection 1: Photographs,30 September 2019 at 13:35:38,10 March 2021 at 15:26:15,"The mother of Muhammad ʾershid and his sister Huda, standing in front of a relative's car.",والدة محمد ارشيد وشقيقته هدى، تقفان امام سيارة تعود لاحد الاقارب,,,,,International Digital Ephemera Project
ark:/13030/m5vt9j2b,ark:/21198/z1x97wwf,,Work,250.0,0250.01.0008|~|183713|~|44945_ca_object_representations_media_163368_original.jpg,The Muhamad Irshaid Collection,Muhammad Irshaid Sub-collection 1: Photographs,جمهور في حفل,A Crown in a Ceremony,Muhammad ʾershid's graduation ceremony in al-Barid suburb.|~|حفلة تخرج محمد ارشيد في ضاحية البريد,,,,still image,1960,1960,جمهور، احتفال، مدرسة، بدلة، رجال، نساء، كلية,,,,image/jpeg,1280,1810,https://d7rm5xoig729r.cloudfront.net/collectiveaccess/images/1/6/3/3/30081_ca_object_representations_media_163368_preview.jpg,https://d7rm5xoig729r.cloudfront.net/collectiveaccess/images/1/6/3/3/44945_ca_object_representations_media_163368_original.jpg,https://palarchive.org/index.php/Detail/objects/183713/lang/en_US,The Palestinian Museum ,info@palarchive.org,,,,The Muhamad Irshaid Collection  | Muhammad Irshaid Sub-collection 1: Photographs,30 September 2019 at 13:35:38,10 March 2021 at 15:26:15,Muhammad ʾershid's graduation ceremony in al-Barid suburb.,حفلة تخرج محمد ارشيد في ضاحية البريد,,,,,International Digital Ephemera Project
ark:/13030/m53c3r3p,ark:/21198/z1x97wwf,,Work,250.0,0250.01.0009|~|183714|~|16640_ca_object_representations_media_163370_original.jpg,The Muhamad Irshaid Collection,Muhammad Irshaid Sub-collection 1: Photographs,شاب امام حافلة,A Young Man in Front of a Bus,In this photograph is Muhammad ʾershid standing in front of a bus that used to go from Jenin to Nablus passing through Kufeir.|~|يظهر في الصورة محمد ارشيد، امام حافلة كانت تعمل على خط جنين - نابلس، وكانت تمر بالكفير,,,,still image,1950s,1950/1959,ولد، شاحنة، شارع,,,,image/jpeg,1280,945,https://d7rm5xoig729r.cloudfront.net/collectiveaccess/images/1/6/3/3/55245_ca_object_representations_media_163370_preview.jpg,https://d7rm5xoig729r.cloudfront.net/collectiveaccess/images/1/6/3/3/16640_ca_object_representations_media_163370_original.jpg,https://palarchive.org/index.php/Detail/objects/183714/lang/en_US,The Palestinian Museum ,info@palarchive.org,,,,The Muhamad Irshaid Collection  | Muhammad Irshaid Sub-collection 1: Photographs,30 September 2019 at 13:35:38,10 March 2021 at 15:26:15,In this photograph is Muhammad ʾershid standing in front of a bus that used to go from Jenin to Nablus passing through Kufeir.,يظهر في الصورة محمد ارشيد، امام حافلة كانت تعمل على خط جنين - نابلس، وكانت تمر بالكفير,,,,,International Digital Ephemera Project
ark:/13030/m5q31r63,ark:/21198/z1x97wwf,,Work,250.0,0250.01.0010|~|183715|~|59947_ca_object_representations_media_163371_original.jpg,The Muhamad Irshaid Collection,Muhammad Irshaid Sub-collection 1: Photographs,بنات على الفرس,Girls Riding a Horse,"Muhammad ʾershid's sister and cousins on a horse, along with ʿabdul-Rahman Nafeʿ ʾabur-Rubb.|~|شقيقة وبنات عم محمد ارشيد على الفرس، بصحبة الوكيل عبد الرحمن نافع ابو الرب",,,,still image,1950s,1950/1959,حصان، فرس، رجل، حطة، عقال، اطفال، بنت، طبيعة,,,,image/jpeg,1280,1739,https://d7rm5xoig729r.cloudfront.net/collectiveaccess/images/1/6/3/3/32340_ca_object_representations_media_163371_preview.jpg,https://d7rm5xoig729r.cloudfront.net/collectiveaccess/images/1/6/3/3/59947_ca_object_representations_media_163371_original.jpg,https://palarchive.org/index.php/Detail/objects/183715/lang/en_US,The Palestinian Museum ,info@palarchive.org,,,,The Muhamad Irshaid Collection  | Muhammad Irshaid Sub-collection 1: Photographs,30 September 2019 at 13:35:38,10 March 2021 at 15:26:16,"Muhammad ʾershid's sister and cousins on a horse, along with ʿabdul-Rahman Nafeʿ ʾabur-Rubb.",شقيقة وبنات عم محمد ارشيد على الفرس، بصحبة الوكيل عبد الرحمن نافع ابو الرب,,,,,International Digital Ephemera Project
ark:/13030/m5fk07np,ark:/21198/z1x97wwf,,Work,250.0,0250.01.0011|~|183716|~|45887_ca_object_representations_media_163373_original.jpg,The Muhamad Irshaid Collection,Muhammad Irshaid Sub-collection 1: Photographs,شخصيات فلسطينية واردنية في احتفال,Palestinian and Jordanian Figures in a Ceremony,"This Photograph was taken during the graduation ceremony of Muhammad ʾershid in al-Barid suburb, in it is ʿabdul-Halim Nemer on the left, and ʿabdul-Rahim ʾershid, Muhammad's uncle.|~|الصورة في ضاحية البريد في حفل تخرج محمد ارشيد، ويظهر في الصورة عدد من الشخصيات منها (على يسار الصورة الوزير عبد الحليم النمر) وعبد الرحيم ارشيد عم محمد ارشيد.",,,,still image,1960,1960,احتفال، جمهور، منصة، بدلة، رجال، نساء، مدرسة، كلية,,,,image/jpeg,1280,1813,https://d7rm5xoig729r.cloudfront.net/collectiveaccess/images/1/6/3/3/42898_ca_object_representations_media_163373_preview.jpg,https://d7rm5xoig729r.cloudfront.net/collectiveaccess/images/1/6/3/3/45887_ca_object_representations_media_163373_original.jpg,https://palarchive.org/index.php/Detail/objects/183716/lang/en_US,The Palestinian Museum ,info@palarchive.org,,,,The Muhamad Irshaid Collection  | Muhammad Irshaid Sub-collection 1: Photographs,30 September 2019 at 13:35:38,10 March 2021 at 15:26:16,"This Photograph was taken during the graduation ceremony of Muhammad ʾershid in al-Barid suburb, in it is ʿabdul-Halim Nemer on the left, and ʿabdul-Rahim ʾershid, Muhammad's uncle.",الصورة في ضاحية البريد في حفل تخرج محمد ارشيد، ويظهر في الصورة عدد من الشخصيات منها (على يسار الصورة الوزير عبد الحليم النمر) وعبد الرحيم ارشيد عم محمد ارشيد.,,,,,International Digital Ephemera Project
ark:/13030/m5m981mk,ark:/21198/z1x97wwf,,Work,250.0,0250.01.0012|~|183717|~|18447_ca_object_representations_media_163375_original.jpg,The Muhamad Irshaid Collection,Muhammad Irshaid Sub-collection 1: Photographs,جنازة في بلدة الكفير,A Funeral in al-Kufeir,"The funeral of Mustafa Hajj Dhib ʾershid, the uncle of Muhammad ʾershid.|~|جنازة مصطفي حج ديب ارشيد عم محمد ارشيد",,,,still image,1957,1957,تجمع، ناس، سيارة، سيارات، حطة، عقال، صخر، بيت، ارض، حافلة,,,,image/jpeg,1280,974,https://d7rm5xoig729r.cloudfront.net/collectiveaccess/images/1/6/3/3/74885_ca_object_representations_media_163375_preview.jpg,https://d7rm5xoig729r.cloudfront.net/collectiveaccess/images/1/6/3/3/18447_ca_object_representations_media_163375_original.jpg,https://palarchive.org/index.php/Detail/objects/183717/lang/en_US,The Palestinian Museum ,info@palarchive.org,,,,The Muhamad Irshaid Collection  | Muhammad Irshaid Sub-collection 1: Photographs,30 September 2019 at 13:35:38,10 March 2021 at 15:26:16,"The funeral of Mustafa Hajj Dhib ʾershid, the uncle of Muhammad ʾershid.",جنازة مصطفي حج ديب ارشيد عم محمد ارشيد,,,,,International Digital Ephemera Project
ark:/13030/m5zm37nt,ark:/21198/z1x97wwf,,Work,250.0,0250.01.0013|~|183718|~|71174_ca_object_representations_media_163376_original.jpg,The Muhamad Irshaid Collection,Muhammad Irshaid Sub-collection 1: Photographs,مجموعة من الناس في جنازة,A Group of People During a Funeral,"The funeral of Mustafa ʾershid, while he was being taken out of the house.|~|يظهر في الصورة جنازة مصطفى ارشيد اثناء خروجه من البيت",,,,still image,1957,1957,حطة، عقال، رجال، شجر، بيت، شباك,,,,image/jpeg,1280,896,https://d7rm5xoig729r.cloudfront.net/collectiveaccess/images/1/6/3/3/49196_ca_object_representations_media_163376_preview.jpg,https://d7rm5xoig729r.cloudfront.net/collectiveaccess/images/1/6/3/3/71174_ca_object_representations_media_163376_original.jpg,https://palarchive.org/index.php/Detail/objects/183718/lang/en_US,The Palestinian Museum ,info@palarchive.org,,,,The Muhamad Irshaid Collection  | Muhammad Irshaid Sub-collection 1: Photographs,30 September 2019 at 13:35:39,10 March 2021 at 15:26:16,"The funeral of Mustafa ʾershid, while he was being taken out of the house.",يظهر في الصورة جنازة مصطفى ارشيد اثناء خروجه من البيت,,,,,International Digital Ephemera Project
ark:/13030/m5bs6j26,ark:/21198/z1x97wwf,,Work,250.0,0250.01.0014|~|183719|~|2145_ca_object_representations_media_163377_original.jpg,The Muhamad Irshaid Collection,Muhammad Irshaid Sub-collection 1: Photographs,اصدقاء اثناء الدراسة,Friends Doing their Studies,"Friends of Muhammad ʾershid, on the right, during their studies at al-Ummah College.|~|اصدقاء محمد ارشيد (يمين الصورة) اثناء دراستهم في كلية الامة",,,,still image,1950s,1950/1959,كلية، اصدقاء، شجر، قوس,,,,image/jpeg,1280,1848,https://d7rm5xoig729r.cloudfront.net/collectiveaccess/images/1/6/3/3/14343_ca_object_representations_media_163377_preview.jpg,https://d7rm5xoig729r.cloudfront.net/collectiveaccess/images/1/6/3/3/2145_ca_object_representations_media_163377_original.jpg,https://palarchive.org/index.php/Detail/objects/183719/lang/en_US,The Palestinian Museum ,info@palarchive.org,,,,The Muhamad Irshaid Collection  | Muhammad Irshaid Sub-collection 1: Photographs,30 September 2019 at 13:35:39,10 March 2021 at 15:26:17,"Friends of Muhammad ʾershid, on the right, during their studies at al-Ummah College.",اصدقاء محمد ارشيد (يمين الصورة) اثناء دراستهم في كلية الامة,,,,,International Digital Ephemera Project
ark:/13030/m5kb10gr,ark:/21198/z1x97wwf,,Work,250.0,0250.01.0015|~|183720|~|1745_ca_object_representations_media_163378_original.jpg,The Muhamad Irshaid Collection,Muhammad Irshaid Sub-collection 1: Photographs,صورة بورتريه لفلسطيني,A Portrait of a Palestinian Man,"Dr.Bassam ʾershid, Muhammad ʾershid's cousin, who studied in Germany.|~|الدكتور بسام ارشيد درس في المانيا، وهو ابن خال محمد ارشيد",,,,still image,1950s,1950/1959,رجل، بدلة، ابتسامة,,,,image/jpeg,1280,943,https://d7rm5xoig729r.cloudfront.net/collectiveaccess/images/1/6/3/3/70229_ca_object_representations_media_163378_preview.jpg,https://d7rm5xoig729r.cloudfront.net/collectiveaccess/images/1/6/3/3/1745_ca_object_representations_media_163378_original.jpg,https://palarchive.org/index.php/Detail/objects/183720/lang/en_US,The Palestinian Museum ,info@palarchive.org,,,,The Muhamad Irshaid Collection  | Muhammad Irshaid Sub-collection 1: Photographs,30 September 2019 at 13:35:39,10 March 2021 at 15:26:17,"Dr.Bassam ʾershid, Muhammad ʾershid's cousin, who studied in Germany.",الدكتور بسام ارشيد درس في المانيا، وهو ابن خال محمد ارشيد,,,,,International Digital Ephemera Project
ark:/13030/m59s9gzv,ark:/21198/z1x97wwf,,Work,250.0,0250.01.0016|~|183721|~|59577_ca_object_representations_media_163380_original.jpg,The Muhamad Irshaid Collection,Muhammad Irshaid Sub-collection 1: Photographs,سهل جنين,The Plain of Jenin,"ʿin Nina, a wild animal, along with other animals that used to live in the plain of Jenin.|~|يظهر في الصورة عين نينا في سهل جنين ومجموعة من الحيوانات كانت تعيش في هذا السهل",,,,still image,1940s,1940/1949,نهر، حيوانات، طبيعة، شجر، بيت، نخل,,,,image/jpeg,1245,1920,https://d7rm5xoig729r.cloudfront.net/collectiveaccess/images/1/6/3/3/11651_ca_object_representations_media_163380_preview.jpg,https://d7rm5xoig729r.cloudfront.net/collectiveaccess/images/1/6/3/3/59577_ca_object_representations_media_163380_original.jpg,https://palarchive.org/index.php/Detail/objects/183721/lang/en_US,The Palestinian Museum ,info@palarchive.org,,,,The Muhamad Irshaid Collection  | Muhammad Irshaid Sub-collection 1: Photographs,30 September 2019 at 13:35:39,10 March 2021 at 15:26:17,"ʿin Nina, a wild animal, along with other animals that used to live in the plain of Jenin.",يظهر في الصورة عين نينا في سهل جنين ومجموعة من الحيوانات كانت تعيش في هذا السهل,,,,,International Digital Ephemera Project
ark:/13030/m52c6pzw,ark:/21198/z1x97wwf,,Work,250.0,0250.01.0017|~|183722|~|81940_ca_object_representations_media_163381_original.jpg,The Muhamad Irshaid Collection,Muhammad Irshaid Sub-collection 1: Photographs,رجل عسكري,A Military Man,"Kamel Mahmud ʿabdul-Rahim ʾershid, he joined the Jordanian Armed Forces and was ranked a colonel. He also was the commander of a battalion in Mar Elias, Bethlehem. He fought in Battir, 1948, retired in 1967, and worked in farming and agriculture.|~|كامل محمود عبد الرحيم ارشيد، التحق في القوات المسلحة الاردنية وحصل على رتبة عقيد، كان قائد كتيبة منطقة مار الياس في بيت لحم، كما اشترك في معركة بتير بعد عام 1948 وتقاعد في عام 1967 وعمل في الزراعة",,,,still image,,,بدلة، ضابط، ربطة عنق، شارب، عسكري,,,,image/jpeg,1280,907,https://d7rm5xoig729r.cloudfront.net/collectiveaccess/images/1/6/3/3/34958_ca_object_representations_media_163381_preview.jpg,https://d7rm5xoig729r.cloudfront.net/collectiveaccess/images/1/6/3/3/81940_ca_object_representations_media_163381_original.jpg,https://palarchive.org/index.php/Detail/objects/183722/lang/en_US,The Palestinian Museum ,info@palarchive.org,,,,The Muhamad Irshaid Collection  | Muhammad Irshaid Sub-collection 1: Photographs,30 September 2019 at 13:35:39,10 March 2021 at 15:26:17,"Kamel Mahmud ʿabdul-Rahim ʾershid, he joined the Jordanian Armed Forces and was ranked a colonel. He also was the commander of a battalion in Mar Elias, Bethlehem. He fought in Battir, 1948, retired in 1967, and worked in farming and agriculture.",كامل محمود عبد الرحيم ارشيد، التحق في القوات المسلحة الاردنية وحصل على رتبة عقيد، كان قائد كتيبة منطقة مار الياس في بيت لحم، كما اشترك في معركة بتير بعد عام 1948 وتقاعد في عام 1967 وعمل في الزراعة,,,,,International Digital Ephemera Project
ark:/13030/m5647fn5,ark:/21198/z1x97wwf,,Work,250.0,0250.01.0018|~|183723|~|20290_ca_object_representations_media_163383_original.jpg,The Muhamad Irshaid Collection,Muhammad Irshaid Sub-collection 1: Photographs,اشخاص يعملون في الزراعة,People Farming,Farmers who used to work at ʾershid lands.|~|مزارعون كانوا يعملون في اراضي ارشيد,,,,still image,1950s,1950/1959,رجل، حطة، عقال، سيارة، ارض، جبل,,,,image/jpeg,1280,1657,https://d7rm5xoig729r.cloudfront.net/collectiveaccess/images/1/6/3/3/36620_ca_object_representations_media_163383_preview.jpg,https://d7rm5xoig729r.cloudfront.net/collectiveaccess/images/1/6/3/3/20290_ca_object_representations_media_163383_original.jpg,https://palarchive.org/index.php/Detail/objects/183723/lang/en_US,The Palestinian Museum ,info@palarchive.org,,,,The Muhamad Irshaid Collection  | Muhammad Irshaid Sub-collection 1: Photographs,30 September 2019 at 13:35:39,10 March 2021 at 15:26:18,Farmers who used to work at ʾershid lands.,مزارعون كانوا يعملون في اراضي ارشيد,,,,,International Digital Ephemera Project
ark:/13030/m5xm66g0,ark:/21198/z1x97wwf,,Work,250.0,0250.01.0019|~|183724|~|63303_ca_object_representations_media_163384_original.jpg,The Muhamad Irshaid Collection,Muhammad Irshaid Sub-collection 1: Photographs,رجلان في سيارة,Two Men in a Car,"Walid ʾershid; on the left, with his friend.|~|وليد ارشيد (يسار الصورة) وصديقه",,,,still image,1950s,1950/1959,سيارة، رجل، حطة، عقال، جبل,,,,image/jpeg,1280,1776,https://d7rm5xoig729r.cloudfront.net/collectiveaccess/images/1/6/3/3/7982_ca_object_representations_media_163384_preview.jpg,https://d7rm5xoig729r.cloudfront.net/collectiveaccess/images/1/6/3/3/63303_ca_object_representations_media_163384_original.jpg,https://palarchive.org/index.php/Detail/objects/183724/lang/en_US,The Palestinian Museum ,info@palarchive.org,,,,The Muhamad Irshaid Collection  | Muhammad Irshaid Sub-collection 1: Photographs,30 September 2019 at 13:35:39,10 March 2021 at 15:26:18,"Walid ʾershid; on the left, with his friend.",وليد ارشيد (يسار الصورة) وصديقه,,,,,International Digital Ephemera Project
ark:/13030/m5sv5fr8,ark:/21198/z1x97wwf,,Work,250.0,0250.01.0020|~|183725|~|54687_ca_object_representations_media_163385_original.jpg,The Muhamad Irshaid Collection,Muhammad Irshaid Sub-collection 1: Photographs,سيارة في بلدة الكفير,A Car in al-Kufeir Town,"On the left is Walid ʾershid in his car, that was later sold to the royal family.|~|يظهر في يسار الصورة وليد ارشيد في سيارته التي تم بيعها للعائلة المالكة فيما بعد",,,,still image,1950s,1950/1959,شارع، سيارة، رجل، سباق,,,,image/jpeg,1280,1795,https://d7rm5xoig729r.cloudfront.net/collectiveaccess/images/1/6/3/3/87922_ca_object_representations_media_163385_preview.jpg,https://d7rm5xoig729r.cloudfront.net/collectiveaccess/images/1/6/3/3/54687_ca_object_representations_media_163385_original.jpg,https://palarchive.org/index.php/Detail/objects/183725/lang/en_US,The Palestinian Museum ,info@palarchive.org,,,,The Muhamad Irshaid Collection  | Muhammad Irshaid Sub-collection 1: Photographs,30 September 2019 at 13:35:39,10 March 2021 at 15:26:18,"On the left is Walid ʾershid in his car, that was later sold to the royal family.",يظهر في يسار الصورة وليد ارشيد في سيارته التي تم بيعها للعائلة المالكة فيما بعد,,,,,International Digital Ephemera Project
ark:/13030/m5jb3z9j,ark:/21198/z1x97wwf,,Work,250.0,0250.01.0021|~|183726|~|60256_ca_object_representations_media_163387_original.jpg,The Muhamad Irshaid Collection,Muhammad Irshaid Sub-collection 1: Photographs,عائلة فلسطينية,A Palestinian Family,"Muhammad ʾershid's mother; on the left, his uncle Walid ʾershid behind her, and his sister Huda.|~|والدة محمد ارشيد من يمين الصورة وعمه وليد ارشيد خلفها، وشقيقته هدى",,,,still image,1950s,1950/1959,جدة، ام، طفلة، حطة، عقال، بيت,,,,image/jpeg,1280,1741,https://d7rm5xoig729r.cloudfront.net/collectiveaccess/images/1/6/3/3/60843_ca_object_representations_media_163387_preview.jpg,https://d7rm5xoig729r.cloudfront.net/collectiveaccess/images/1/6/3/3/60256_ca_object_representations_media_163387_original.jpg,https://palarchive.org/index.php/Detail/objects/183726/lang/en_US,The Palestinian Museum ,info@palarchive.org,,,,The Muhamad Irshaid Collection  | Muhammad Irshaid Sub-collection 1: Photographs,30 September 2019 at 13:35:39,10 March 2021 at 15:26:18,"Muhammad ʾershid's mother; on the left, his uncle Walid ʾershid behind her, and his sister Huda.",والدة محمد ارشيد من يمين الصورة وعمه وليد ارشيد خلفها، وشقيقته هدى,,,,,International Digital Ephemera Project
ark:/13030/m5p34q18,ark:/21198/z1x97wwf,,Work,250.0,0250.01.0022|~|183727|~|40683_ca_object_representations_media_163389_original.jpg,The Muhamad Irshaid Collection,Muhammad Irshaid Sub-collection 1: Photographs,مجموعة من الناس في ارض زراعية,People in a Farming Land,"An Arab and foreign delegation examining the plants and detecting any potential diseases in farming lands of Jenin. In the photograph is Mustafa ʾershid, who used to work in Jaffa as a lawyer, but moved to Nablus after the Israeli occupation. |~|وفد عربي واجنبي في اراض زراعية لفحص وكشف امراض قد تصيب المزروعات، ويظهر في الصورة مصطفى ارشيد الذي كان يعمل محام في يافا، وبعد الاحتلال الاسرائيلي انتقل الى نابلس",,,,still image,,,ناس، قبعة، بدلة، رئيس، نبات,,,,image/jpeg,1280,1800,https://d7rm5xoig729r.cloudfront.net/collectiveaccess/images/1/6/3/3/23621_ca_object_representations_media_163389_preview.jpg,https://d7rm5xoig729r.cloudfront.net/collectiveaccess/images/1/6/3/3/40683_ca_object_representations_media_163389_original.jpg,https://palarchive.org/index.php/Detail/objects/183727/lang/en_US,The Palestinian Museum ,info@palarchive.org,,,,The Muhamad Irshaid Collection  | Muhammad Irshaid Sub-collection 1: Photographs,30 September 2019 at 13:35:40,10 March 2021 at 15:26:19,"An Arab and foreign delegation examining the plants and detecting any potential diseases in farming lands of Jenin. In the photograph is Mustafa ʾershid, who used to work in Jaffa as a lawyer, but moved to Nablus after the Israeli occupation.",وفد عربي واجنبي في اراض زراعية لفحص وكشف امراض قد تصيب المزروعات، ويظهر في الصورة مصطفى ارشيد الذي كان يعمل محام في يافا، وبعد الاحتلال الاسرائيلي انتقل الى نابلس,,,,,International Digital Ephemera Project
ark:/13030/m5dk36k6,ark:/21198/z1x97wwf,,Work,250.0,0250.01.0023|~|183728|~|62619_ca_object_representations_media_163390_original.jpg,The Muhamad Irshaid Collection,Muhammad Irshaid Sub-collection 1: Photographs,شخصيات رسمية في مهمة,Officials in a Mission,"Mustafa ʾershid, second person in the second row, during an official mission.|~|مصطفى ارشيد (الشخص الثاني في الصف الثاني) في مهمة رسمية",,,,still image,,,بدلة، رجال، لقاء، صحافة,,,,image/jpeg,1250,1920,https://d7rm5xoig729r.cloudfront.net/collectiveaccess/images/1/6/3/3/80039_ca_object_representations_media_163390_preview.jpg,https://d7rm5xoig729r.cloudfront.net/collectiveaccess/images/1/6/3/3/62619_ca_object_representations_media_163390_original.jpg,https://palarchive.org/index.php/Detail/objects/183728/lang/en_US,The Palestinian Museum ,info@palarchive.org,,,,The Muhamad Irshaid Collection  | Muhammad Irshaid Sub-collection 1: Photographs,30 September 2019 at 13:35:40,10 March 2021 at 15:26:19,"Mustafa ʾershid, second person in the second row, during an official mission.",مصطفى ارشيد (الشخص الثاني في الصف الثاني) في مهمة رسمية,,,,,International Digital Ephemera Project
